Winner,Loser,Score,Rounds,Runtime
UpClose,Mob,19,31,5
Headshot,HorizontalSym,19,57,117
UpClose,DiagonalSym,7,76,43
HorizontalSym,VerticalSym,6,66,13
RMCQueenAI,Assasin,19,36,26915
VerticalSym,Straight,5,73,45
VerticalSym,DiagonalSym,3,66,58
DiagonalSym,Random,3,71,15
Headshot,VerticalSym,39,40,84
Assasin,UpClose,32,36,65
UpClose,Random,10,48,9
Random,Mob,15,51,46
RMCQueenAI,Headshot,10,28,31755
Random,DiagonalSym,5,65,13
DiagonalSym,Mob,3,64,12
DiagonalSym,Mob,8,71,45
RMCQueenAI,VerticalSym,25,34,22506
UpClose,AlternateCorner,10,63,13
VerticalSym,Mob,5,56,11
VerticalSym,Random,5,75,15
Headshot,Random,37,44,88
HorizontalSym,AlternateCorner,1,84,61
Assasin,VerticalSym,25,58,17
Assasin,DiagonalSym,26,52,62
DiagonalSym,Mob,0,74,14
Assasin,UpClose,18,53,53
RMCQueenAI,UpClose,24,44,25618
Assasin,DiagonalSym,19,45,47
RMCQueenAI,Assasin,20,34,32934
HorizontalSym,VerticalSym,7,60,15
DiagonalSym,HorizontalSym,3,70,14
Corner,Mob,6,70,13
Assasin,AlternateCorner,12,72,54
Random,HorizontalSym,9,72,16
Straight,HorizontalSym,3,71,14
AlternateCorner,Random,9,64,15
Assasin,Corner,38,35,59
UpClose,HorizontalSym,18,55,42
RMCQueenAI,HorizontalSym,13,54,23198
UpClose,HorizontalSym,6,50,8
Headshot,AlternateCorner,21,52,16
UpClose,Corner,29,45,9
Straight,DiagonalSym,1,69,14
Straight,Corner,18,54,13
Headshot,Assasin,11,68,75
RMCQueenAI,Straight,27,36,26191
Random,Straight,4,71,16
Straight,Mob,18,32,9
RMCQueenAI,UpClose,24,44,25704
RMCQueenAI,UpClose,12,41,26810
Assasin,Headshot,7,54,56
Random,Mob,22,50,11
RMCQueenAI,DiagonalSym,18,51,23198
Headshot,DiagonalSym,17,48,55
Random,Corner,2,60,14
Corner,HorizontalSym,12,70,15
DiagonalSym,Corner,8,47,11
RMCQueenAI,Headshot,27,37,37732
RMCQueenAI,HorizontalSym,11,29,27017
Headshot,Mob,20,47,19
UpClose,Straight,5,69,41
UpClose,Corner,13,55,22
Headshot,VerticalSym,8,64,61
VerticalSym,HorizontalSym,9,56,49
VerticalSym,Mob,17,43,11
Assasin,AlternateCorner,16,57,29
UpClose,Corner,31,40,42
VerticalSym,AlternateCorner,1,85,46
HorizontalSym,Straight,8,56,13
Headshot,DiagonalSym,26,44,72
DiagonalSym,Straight,4,74,49
DiagonalSym,Random,4,72,18
RMCQueenAI,UpClose,12,41,26976
AlternateCorner,VerticalSym,13,59,14
Mob,HorizontalSym,17,47,11
Corner,Straight,15,64,14
HorizontalSym,Mob,14,39,10
Headshot,AlternateCorner,21,52,60
Corner,DiagonalSym,0,56,12
Corner,AlternateCorner,8,79,53
RMCQueenAI,AlternateCorner,18,52,19400
HorizontalSym,Corner,14,35,10
RMCQueenAI,AlternateCorner,14,49,10999
AlternateCorner,UpClose,12,67,10
Random,Corner,5,63,28
Random,HorizontalSym,4,62,15
Assasin,UpClose,18,53,21
AlternateCorner,DiagonalSym,9,69,47
RMCQueenAI,Headshot,27,37,37829
Assasin,AlternateCorner,28,55,22
Assasin,DiagonalSym,19,45,46
Assasin,Corner,50,26,33
Assasin,Corner,28,47,48
Headshot,Mob,14,60,54
Assasin,VerticalSym,35,47,60
Headshot,HorizontalSym,12,56,55
RMCQueenAI,AlternateCorner,18,52,18980
Assasin,DiagonalSym,35,43,13
Headshot,Assasin,7,65,48
Corner,DiagonalSym,10,55,12
AlternateCorner,UpClose,12,67,43
RMCQueenAI,Straight,73,18,25441
Straight,AlternateCorner,3,83,16
HorizontalSym,DiagonalSym,3,70,12
RMCQueenAI,Headshot,27,37,38360
Headshot,UpClose,14,48,20
RMCQueenAI,VerticalSym,28,50,22691
VerticalSym,UpClose,1,73,43
UpClose,Corner,52,27,39
Assasin,AlternateCorner,14,64,49
DiagonalSym,Straight,5,66,15
RMCQueenAI,DiagonalSym,15,40,19857
UpClose,Straight,5,55,8
RMCQueenAI,VerticalSym,17,47,22049
Mob,Random,6,70,12
DiagonalSym,Corner,1,60,13
Random,HorizontalSym,3,76,12
UpClose,Mob,17,39,7
Random,DiagonalSym,29,45,12
Random,Corner,3,64,11
Mob,DiagonalSym,7,48,45
Random,Straight,2,74,62
RMCQueenAI,Corner,40,22,23382
Headshot,Mob,37,33,17
RMCQueenAI,Assasin,20,34,33242
Corner,Random,7,47,10
Straight,Mob,4,65,11
UpClose,HorizontalSym,18,55,9
RMCQueenAI,DiagonalSym,19,48,20014
Assasin,HorizontalSym,33,46,83
AlternateCorner,DiagonalSym,13,54,45
VerticalSym,Corner,9,63,69
VerticalSym,Random,9,70,51
HorizontalSym,VerticalSym,8,64,19
UpClose,Mob,39,30,7
Straight,Random,3,66,15
Mob,Corner,9,64,27
VerticalSym,Straight,2,77,16
Mob,Straight,1,74,56
Headshot,VerticalSym,34,53,43
AlternateCorner,VerticalSym,4,68,13
VerticalSym,Corner,0,49,10
Headshot,Corner,33,35,16
Corner,Straight,4,71,14
Mob,Random,3,63,14
UpClose,Straight,28,35,40
HorizontalSym,DiagonalSym,0,66,44
AlternateCorner,Straight,14,60,27
RMCQueenAI,DiagonalSym,18,51,16144
Assasin,HorizontalSym,40,27,11
RMCQueenAI,HorizontalSym,11,29,27206
AlternateCorner,Random,5,69,48
VerticalSym,Corner,6,62,56
Corner,HorizontalSym,1,57,10
VerticalSym,DiagonalSym,6,65,50
VerticalSym,UpClose,3,72,58
VerticalSym,Corner,8,56,53
AlternateCorner,Mob,18,52,47
DiagonalSym,UpClose,0,78,10
RMCQueenAI,Headshot,10,28,32483
VerticalSym,HorizontalSym,9,39,55
Corner,Mob,15,50,45
Corner,HorizontalSym,4,69,52
RMCQueenAI,Mob,27,41,29633
Corner,Random,0,60,46
Random,Mob,7,54,44
AlternateCorner,UpClose,12,67,22
Mob,VerticalSym,1,70,46
Assasin,VerticalSym,13,63,50
AlternateCorner,UpClose,12,67,13
HorizontalSym,Mob,1,72,11
RMCQueenAI,Straight,35,23,33023
Headshot,UpClose,0,87,51
Random,Corner,2,75,60
AlternateCorner,Straight,0,76,15
Assasin,Random,43,42,17
Assasin,HorizontalSym,10,66,15
DiagonalSym,Random,2,73,14
VerticalSym,DiagonalSym,0,73,47
Straight,Corner,7,62,14
Corner,Mob,0,55,9
DiagonalSym,Assasin,1,77,32
Assasin,Headshot,13,56,51
Straight,VerticalSym,23,47,13
Mob,HorizontalSym,18,40,57
Headshot,VerticalSym,34,53,16
RMCQueenAI,Assasin,50,23,27401
DiagonalSym,HorizontalSym,12,49,10
Assasin,HorizontalSym,40,27,10
Random,HorizontalSym,4,69,62
Straight,UpClose,0,52,44
RMCQueenAI,Mob,20,34,28464
HorizontalSym,Mob,20,27,8
Mob,DiagonalSym,2,71,12
Assasin,Headshot,13,56,18
VerticalSym,Corner,6,62,48
RMCQueenAI,Corner,11,35,27424
AlternateCorner,DiagonalSym,12,66,15
VerticalSym,AlternateCorner,2,77,14
Straight,Corner,2,75,53
Headshot,UpClose,14,48,18
Headshot,Random,39,41,50
RMCQueenAI,UpClose,12,41,26945
Corner,HorizontalSym,7,76,19
UpClose,Mob,25,37,7
Straight,DiagonalSym,1,85,17
Headshot,AlternateCorner,16,57,16
UpClose,Mob,14,57,9
Headshot,Corner,32,38,50
VerticalSym,Corner,13,57,60
Headshot,Straight,40,41,65
Mob,Corner,10,43,10
HorizontalSym,Corner,6,61,12
UpClose,Mob,16,34,22
RMCQueenAI,VerticalSym,17,47,22021
RMCQueenAI,VerticalSym,17,47,22084
Straight,VerticalSym,5,71,65
Mob,Random,4,75,47
Headshot,UpClose,0,87,62
Corner,Mob,12,56,12
RMCQueenAI,Corner,28,28,31411
VerticalSym,Mob,11,55,12
Headshot,Mob,13,64,16
UpClose,Random,2,57,19
AlternateCorner,VerticalSym,13,59,47
Assasin,Headshot,10,65,57
Headshot,Random,40,36,58
Headshot,UpClose,0,87,29
Headshot,Random,40,37,71
Assasin,Corner,15,32,9
Corner,HorizontalSym,23,37,43
Assasin,Straight,28,35,59
HorizontalSym,Random,3,67,13
Straight,Random,3,70,47
UpClose,VerticalSym,23,46,8
Headshot,Mob,31,36,23
AlternateCorner,Mob,18,53,57
RMCQueenAI,Corner,39,28,38365
RMCQueenAI,Straight,37,37,27529
RMCQueenAI,Straight,51,25,43123
Mob,Straight,9,61,91
Straight,DiagonalSym,3,69,14
AlternateCorner,VerticalSym,6,58,10
Assasin,Mob,29,40,43
RMCQueenAI,Random,26,31,35587
Assasin,UpClose,47,26,59
Headshot,Corner,31,33,63
Assasin,HorizontalSym,14,71,61
HorizontalSym,Straight,4,66,47
Assasin,AlternateCorner,23,48,16
RMCQueenAI,Mob,31,28,30680
Straight,Mob,18,44,10
HorizontalSym,AlternateCorner,1,84,16
HorizontalSym,Straight,17,59,13
AlternateCorner,Corner,0,76,80
RMCQueenAI,Assasin,50,23,27412
Random,VerticalSym,0,74,47
UpClose,Straight,15,62,10
UpClose,Corner,8,69,12
RMCQueenAI,UpClose,12,41,26941
RMCQueenAI,Assasin,19,36,27015
Assasin,AlternateCorner,16,57,19
Assasin,Random,26,54,56
Assasin,UpClose,47,26,8
AlternateCorner,VerticalSym,7,64,46
UpClose,Straight,12,66,52
RMCQueenAI,DiagonalSym,15,62,18421
UpClose,HorizontalSym,5,84,59
Assasin,HorizontalSym,29,44,11
Assasin,VerticalSym,22,52,54
Corner,Mob,10,43,9
RMCQueenAI,UpClose,12,41,26736
Assasin,UpClose,47,26,7
Assasin,VerticalSym,25,52,66
RMCQueenAI,HorizontalSym,11,29,27471
Random,Corner,10,58,12
Random,VerticalSym,9,73,19
Mob,DiagonalSym,1,70,12
Assasin,VerticalSym,30,50,73
HorizontalSym,DiagonalSym,0,71,45
RMCQueenAI,Random,29,35,29618
Random,VerticalSym,10,52,13
RMCQueenAI,Straight,35,28,32986
AlternateCorner,UpClose,12,67,11
Headshot,VerticalSym,25,42,52
DiagonalSym,Random,1,69,55
Headshot,Assasin,3,76,61
AlternateCorner,Random,3,81,16
Assasin,Mob,16,57,59
Assasin,Random,23,57,19
AlternateCorner,HorizontalSym,5,74,46
AlternateCorner,Random,0,80,16
Corner,DiagonalSym,30,43,11
VerticalSym,Corner,1,61,25
RMCQueenAI,Headshot,27,37,37612
UpClose,Corner,25,46,42
DiagonalSym,VerticalSym,3,67,12
AlternateCorner,Straight,12,62,13
Headshot,UpClose,14,48,53
RMCQueenAI,HorizontalSym,5,62,23700
Headshot,VerticalSym,10,66,78
AlternateCorner,HorizontalSym,13,62,57
Headshot,Straight,24,64,125
Headshot,Random,25,54,115
RMCQueenAI,DiagonalSym,13,40,21884
Headshot,Random,35,36,59
VerticalSym,Corner,2,78,14
Assasin,Mob,56,19,9
Assasin,Straight,58,30,74
Random,VerticalSym,5,74,17
Straight,Corner,8,56,23
RMCQueenAI,Straight,38,27,32857
RMCQueenAI,UpClose,24,44,25945
Assasin,UpClose,18,53,20
Assasin,Mob,41,31,9
VerticalSym,DiagonalSym,1,71,57
Headshot,Mob,19,47,15
Corner,Random,1,61,12
UpClose,VerticalSym,9,58,8
Assasin,AlternateCorner,14,64,50
Straight,AlternateCorner,6,72,14
RMCQueenAI,Mob,22,27,29807
DiagonalSym,UpClose,0,78,10
RMCQueenAI,HorizontalSym,11,29,27344
RMCQueenAI,Assasin,17,43,28091
RMCQueenAI,Mob,50,21,33469
UpClose,Random,14,55,62
VerticalSym,HorizontalSym,1,62,43
Assasin,Straight,36,42,57
Assasin,VerticalSym,24,50,64
RMCQueenAI,Straight,17,32,39325
Headshot,Assasin,11,68,67
Headshot,HorizontalSym,19,57,71
UpClose,Corner,36,44,42
Headshot,DiagonalSym,51,39,77
DiagonalSym,Straight,1,71,50
UpClose,AlternateCorner,10,63,44
AlternateCorner,Corner,7,76,55
Corner,HorizontalSym,4,79,51
DiagonalSym,UpClose,0,78,10
Random,Straight,4,70,25
HorizontalSym,VerticalSym,2,78,15
Headshot,Random,40,48,88
HorizontalSym,Mob,8,50,41
AlternateCorner,Mob,11,67,23
UpClose,HorizontalSym,18,55,42
UpClose,Corner,38,38,9
UpClose,VerticalSym,4,76,23
Straight,Corner,6,72,55
Random,DiagonalSym,0,71,13
AlternateCorner,DiagonalSym,9,69,13
HorizontalSym,DiagonalSym,2,84,50
Mob,Corner,4,70,14
Headshot,Straight,56,35,83
RMCQueenAI,Corner,39,28,23275
Headshot,Assasin,3,76,80
AlternateCorner,Mob,13,57,47
RMCQueenAI,Assasin,31,29,42036
Headshot,DiagonalSym,24,60,124
Straight,DiagonalSym,3,71,17
DiagonalSym,AlternateCorner,2,73,44
Headshot,Straight,24,47,53
Assasin,Random,61,37,15
Straight,Corner,1,76,50
Headshot,Straight,23,52,62
AlternateCorner,Random,11,67,15
Headshot,DiagonalSym,20,60,26
Headshot,AlternateCorner,16,57,50
Assasin,Random,54,37,67
HorizontalSym,Random,13,58,12
Headshot,UpClose,0,87,44
RMCQueenAI,Random,13,44,26110
AlternateCorner,DiagonalSym,9,69,13
Straight,DiagonalSym,3,68,15
AlternateCorner,Straight,0,83,17
VerticalSym,DiagonalSym,7,63,30
UpClose,Random,8,69,50
Straight,AlternateCorner,5,73,16
UpClose,Straight,23,34,8
Assasin,Corner,71,26,58
Straight,HorizontalSym,4,68,16
VerticalSym,UpClose,3,72,10
HorizontalSym,VerticalSym,4,67,64
RMCQueenAI,DiagonalSym,19,40,29566
Mob,VerticalSym,6,51,23
Headshot,Corner,39,29,12
AlternateCorner,VerticalSym,13,59,13
VerticalSym,Corner,10,52,10
Assasin,UpClose,23,55,11
AlternateCorner,Random,3,75,58
Corner,Random,11,58,12
Straight,UpClose,11,58,25
Random,AlternateCorner,3,77,69
VerticalSym,AlternateCorner,9,69,44
Assasin,Mob,13,32,9
RMCQueenAI,Random,37,31,32168
RMCQueenAI,Mob,47,29,30642
VerticalSym,DiagonalSym,1,79,14
Assasin,VerticalSym,34,43,75
RMCQueenAI,VerticalSym,15,48,19828
RMCQueenAI,HorizontalSym,20,40,33534
Assasin,Mob,36,32,43
HorizontalSym,AlternateCorner,1,84,49
Assasin,UpClose,18,53,53
Headshot,Corner,45,30,9
RMCQueenAI,Assasin,22,36,27284
VerticalSym,DiagonalSym,0,62,12
UpClose,HorizontalSym,18,55,42
RMCQueenAI,Random,19,29,35774
Headshot,Corner,48,28,47
AlternateCorner,Corner,9,70,59
AlternateCorner,Mob,3,74,104
DiagonalSym,UpClose,0,78,9
Headshot,VerticalSym,22,46,89
UpClose,AlternateCorner,10,63,64
Headshot,UpClose,14,48,51
AlternateCorner,Mob,16,58,13
VerticalSym,Corner,2,78,17
Random,Corner,22,49,13
Random,VerticalSym,0,73,47
Random,Straight,7,58,15
Straight,VerticalSym,1,72,13
DiagonalSym,HorizontalSym,0,88,73
Assasin,Straight,20,71,63
Random,AlternateCorner,2,72,39
HorizontalSym,Mob,12,49,9
Corner,DiagonalSym,5,70,53
RMCQueenAI,Random,36,28,31087
AlternateCorner,Straight,8,71,17
AlternateCorner,VerticalSym,2,78,13
Straight,HorizontalSym,4,54,21
HorizontalSym,Assasin,4,57,45
DiagonalSym,Corner,0,73,47
Headshot,Mob,11,55,46
RMCQueenAI,UpClose,24,44,25531
UpClose,Straight,5,62,49
Assasin,Random,42,44,62
Straight,Random,1,74,15
VerticalSym,Straight,4,72,57
UpClose,Corner,16,45,9
VerticalSym,UpClose,3,72,11
DiagonalSym,VerticalSym,3,83,16
Assasin,UpClose,8,66,14
Assasin,UpClose,18,53,56
HorizontalSym,Corner,5,63,45
Headshot,UpClose,0,87,17
RMCQueenAI,HorizontalSym,11,48,28222
Headshot,Assasin,11,68,69
UpClose,Random,9,68,44
Headshot,HorizontalSym,35,40,49
RMCQueenAI,Headshot,27,37,38012
HorizontalSym,AlternateCorner,1,84,49
RMCQueenAI,Corner,28,37,14733
VerticalSym,Random,4,76,17
DiagonalSym,Corner,5,62,14
AlternateCorner,HorizontalSym,6,68,13
HorizontalSym,DiagonalSym,2,80,15
Random,Mob,10,52,10
RMCQueenAI,HorizontalSym,23,38,21814
Headshot,HorizontalSym,13,56,18
RMCQueenAI,Assasin,17,43,27491
Assasin,Random,75,27,77
Headshot,Mob,26,28,22
UpClose,Straight,14,55,14
Headshot,HorizontalSym,24,42,24
Assasin,HorizontalSym,6,65,61
RMCQueenAI,Straight,60,20,27841
Corner,DiagonalSym,2,61,13
HorizontalSym,Random,2,74,15
UpClose,Mob,5,71,10
Headshot,Straight,22,64,88
Headshot,Straight,37,53,67
RMCQueenAI,VerticalSym,15,52,23269
AlternateCorner,Straight,2,77,16
Random,Mob,25,53,12
RMCQueenAI,Random,26,35,31166
VerticalSym,UpClose,3,72,11
RMCQueenAI,Corner,34,29,33981
VerticalSym,UpClose,6,73,13
RMCQueenAI,Corner,41,26,25791
DiagonalSym,Straight,7,63,69
Random,HorizontalSym,3,80,47
Assasin,Mob,50,29,76
VerticalSym,Mob,2,37,7
Corner,DiagonalSym,13,49,24
Assasin,Random,27,60,70
AlternateCorner,Mob,10,59,55
Mob,Corner,1,60,13
RMCQueenAI,Assasin,17,43,27895
VerticalSym,Mob,9,59,45
Headshot,DiagonalSym,16,66,70
RMCQueenAI,Headshot,10,28,32581
AlternateCorner,Mob,9,72,63
RMCQueenAI,DiagonalSym,18,51,23218
Assasin,Headshot,10,65,57
Assasin,Straight,36,44,19
RMCQueenAI,VerticalSym,17,47,22171
Random,Straight,8,69,35
RMCQueenAI,DiagonalSym,10,42,23088
RMCQueenAI,VerticalSym,32,40,23774
RMCQueenAI,AlternateCorner,14,49,19514
Headshot,Straight,30,45,54
HorizontalSym,Mob,0,61,66
HorizontalSym,Random,1,80,59
Straight,Mob,13,51,11
AlternateCorner,Mob,15,64,45
Assasin,VerticalSym,13,63,51
RMCQueenAI,Corner,32,33,30733
DiagonalSym,Corner,2,52,12
Corner,Straight,1,68,48
DiagonalSym,Mob,6,62,12
Assasin,DiagonalSym,18,66,55
DiagonalSym,UpClose,0,78,42
Random,Straight,0,79,51
Straight,Mob,13,46,43
Headshot,Straight,20,46,111
Mob,Straight,9,45,42
UpClose,Random,15,54,9
HorizontalSym,Straight,8,54,14
VerticalSym,DiagonalSym,4,80,57
UpClose,HorizontalSym,12,52,8
RMCQueenAI,Mob,45,24,24185
DiagonalSym,Straight,4,65,44
Headshot,UpClose,14,48,20
UpClose,Straight,28,34,6
Random,AlternateCorner,6,63,48
DiagonalSym,HorizontalSym,0,70,12
AlternateCorner,Random,10,60,15
RMCQueenAI,VerticalSym,20,40,21506
Mob,HorizontalSym,4,65,69
Random,Corner,6,71,48
Headshot,AlternateCorner,21,52,15
RMCQueenAI,UpClose,12,41,26848
Straight,VerticalSym,8,60,46
RMCQueenAI,VerticalSym,14,52,21469
RMCQueenAI,Mob,22,22,23488
Assasin,DiagonalSym,26,54,71
HorizontalSym,AlternateCorner,1,84,49
DiagonalSym,UpClose,0,83,9
Mob,Corner,12,57,11
Headshot,VerticalSym,34,53,18
UpClose,AlternateCorner,10,63,11
UpClose,Random,7,62,44
RMCQueenAI,Assasin,19,36,27390
UpClose,Random,13,61,11
Straight,Mob,4,51,12
Assasin,Random,52,21,16
UpClose,Mob,8,60,9
VerticalSym,Straight,2,70,60
Assasin,Corner,57,28,10
VerticalSym,Corner,1,68,12
Assasin,Corner,30,37,76
UpClose,Random,36,47,9
Headshot,Corner,41,36,53
Assasin,AlternateCorner,14,63,49
RMCQueenAI,Straight,29,28,37219
RMCQueenAI,Straight,51,23,36966
Headshot,HorizontalSym,19,57,71
RMCQueenAI,Mob,16,29,28014
UpClose,HorizontalSym,18,55,9
Headshot,Straight,63,31,74
VerticalSym,Corner,19,49,11
UpClose,DiagonalSym,5,74,9
VerticalSym,DiagonalSym,4,72,44
Headshot,Corner,19,33,50
UpClose,Random,2,78,12
Assasin,AlternateCorner,14,65,49
HorizontalSym,AlternateCorner,1,84,46
HorizontalSym,AlternateCorner,1,84,57
Headshot,AlternateCorner,16,57,17
Headshot,Random,43,48,119
VerticalSym,Random,3,69,49
RMCQueenAI,Mob,40,22,23705
AlternateCorner,Mob,12,56,58
RMCQueenAI,UpClose,24,44,25634
Assasin,UpClose,0,50,43
DiagonalSym,Random,2,77,17
RMCQueenAI,AlternateCorner,14,49,19584
HorizontalSym,Corner,18,40,12
Headshot,AlternateCorner,16,57,52
Headshot,DiagonalSym,14,54,63
VerticalSym,HorizontalSym,6,72,12
Corner,Straight,9,66,12
Assasin,AlternateCorner,28,55,63
DiagonalSym,Corner,7,51,10
AlternateCorner,Straight,11,66,51
RMCQueenAI,Random,12,22,31194
RMCQueenAI,Corner,58,23,29382
Assasin,Mob,22,50,11
Headshot,DiagonalSym,51,39,122
UpClose,DiagonalSym,11,70,10
Straight,Random,6,75,16
RMCQueenAI,Mob,29,22,23041
HorizontalSym,VerticalSym,4,50,40
AlternateCorner,DiagonalSym,9,69,13
RMCQueenAI,Assasin,22,36,28026
Straight,AlternateCorner,3,66,50
Assasin,Mob,47,30,16
RMCQueenAI,AlternateCorner,18,52,19289
RMCQueenAI,HorizontalSym,11,29,27217
RMCQueenAI,Corner,58,23,29607
RMCQueenAI,Headshot,27,37,36571
Headshot,Corner,27,43,16
HorizontalSym,DiagonalSym,13,74,58
VerticalSym,Random,3,75,52
Headshot,DiagonalSym,51,39,85
UpClose,AlternateCorner,10,63,61
HorizontalSym,VerticalSym,0,76,45
Assasin,Straight,80,19,84
Assasin,AlternateCorner,14,63,15
Assasin,DiagonalSym,35,43,13
Mob,Straight,14,41,46
UpClose,HorizontalSym,20,36,6
AlternateCorner,Mob,0,77,26
AlternateCorner,Straight,6,77,50
Corner,Mob,8,56,14
VerticalSym,Random,1,69,13
AlternateCorner,Corner,2,61,48
AlternateCorner,DiagonalSym,18,54,48
Headshot,VerticalSym,34,53,60
Headshot,VerticalSym,34,53,63
Assasin,DiagonalSym,19,45,14
Corner,AlternateCorner,0,80,27
Headshot,AlternateCorner,16,57,50
DiagonalSym,VerticalSym,0,80,15
AlternateCorner,DiagonalSym,0,88,14
Mob,Corner,7,49,9
RMCQueenAI,VerticalSym,17,47,21920
HorizontalSym,Straight,6,74,14
Straight,Random,19,57,14
Headshot,Random,16,59,21
UpClose,VerticalSym,4,56,50
RMCQueenAI,Corner,46,22,33721
Headshot,AlternateCorner,21,52,48
Headshot,Straight,29,46,76
Headshot,VerticalSym,42,28,137
Assasin,Mob,29,39,12
VerticalSym,Mob,5,68,12
RMCQueenAI,Random,13,35,34714
Corner,Mob,5,59,9
VerticalSym,Mob,5,60,57
Straight,VerticalSym,2,75,15
DiagonalSym,Straight,11,62,48
Assasin,VerticalSym,40,40,17
DiagonalSym,Straight,6,57,14
RMCQueenAI,Mob,25,39,28968
UpClose,Straight,12,53,10
Assasin,VerticalSym,13,63,18
Assasin,VerticalSym,13,63,65
AlternateCorner,VerticalSym,13,59,14
Random,VerticalSym,3,71,12
Headshot,Straight,48,43,66
DiagonalSym,Corner,2,59,87
Mob,Random,2,73,49
Assasin,Straight,44,29,16
UpClose,Random,9,62,43
RMCQueenAI,Headshot,10,28,31525
Headshot,DiagonalSym,51,39,132
DiagonalSym,Random,3,68,15
Headshot,HorizontalSym,19,57,73
Headshot,VerticalSym,34,53,17
AlternateCorner,HorizontalSym,6,68,13
AlternateCorner,Corner,16,66,55
Headshot,DiagonalSym,51,39,88
Assasin,Random,16,54,50
Assasin,UpClose,8,66,14
DiagonalSym,Mob,4,66,13
DiagonalSym,Mob,4,73,12
Assasin,Straight,33,37,14
Headshot,Straight,55,32,83
DiagonalSym,UpClose,0,78,10
AlternateCorner,DiagonalSym,9,69,55
Headshot,Random,39,46,60
HorizontalSym,Straight,15,65,67
Headshot,HorizontalSym,24,50,53
Assasin,Corner,62,27,9
UpClose,Straight,15,38,7
HorizontalSym,Random,4,72,33
Straight,Mob,4,55,57
Assasin,DiagonalSym,3,60,22
Random,Mob,0,57,11
VerticalSym,Mob,6,55,10
Assasin,HorizontalSym,20,55,21
UpClose,Corner,24,54,43
Assasin,Corner,35,34,9
Assasin,AlternateCorner,16,52,50
AlternateCorner,HorizontalSym,8,68,46
Headshot,Random,40,41,121
DiagonalSym,UpClose,6,57,9
RMCQueenAI,AlternateCorner,18,52,19624
Assasin,Corner,62,27,42
DiagonalSym,HorizontalSym,16,48,14
AlternateCorner,Random,10,65,47
Straight,DiagonalSym,2,74,17
AlternateCorner,Corner,7,64,47
Headshot,Mob,35,30,15
HorizontalSym,Mob,5,62,10
Assasin,HorizontalSym,40,27,10
Headshot,Assasin,8,69,50
Straight,Corner,9,70,13
Random,DiagonalSym,2,78,13
Headshot,UpClose,0,87,50
Headshot,Straight,53,36,151
Assasin,DiagonalSym,32,35,9
Assasin,VerticalSym,22,60,18
AlternateCorner,DiagonalSym,9,69,14
HorizontalSym,Corner,7,63,13
AlternateCorner,Random,9,64,19
RMCQueenAI,Random,28,28,34861
Assasin,Straight,43,38,16
HorizontalSym,Mob,1,51,17
Mob,Straight,0,61,11
DiagonalSym,VerticalSym,18,65,13
RMCQueenAI,DiagonalSym,18,51,23394
RMCQueenAI,Headshot,10,28,31804
RMCQueenAI,AlternateCorner,14,49,19725
RMCQueenAI,Straight,33,27,38382
AlternateCorner,Corner,4,74,47
UpClose,HorizontalSym,18,55,9
RMCQueenAI,Corner,50,27,28076
Headshot,HorizontalSym,19,57,82
AlternateCorner,Mob,3,65,46
AlternateCorner,HorizontalSym,0,82,59
RMCQueenAI,DiagonalSym,33,36,20874
AlternateCorner,Mob,30,35,43
HorizontalSym,UpClose,6,71,12
Mob,DiagonalSym,4,51,42
RMCQueenAI,AlternateCorner,14,49,19909
UpClose,Mob,12,40,6
DiagonalSym,Mob,4,60,11
UpClose,AlternateCorner,10,63,12
AlternateCorner,Mob,9,62,46
UpClose,Corner,34,44,8
RMCQueenAI,AlternateCorner,14,49,19702
VerticalSym,UpClose,3,72,11
Straight,HorizontalSym,5,65,57
Random,DiagonalSym,2,80,49
HorizontalSym,Mob,5,63,11
VerticalSym,Corner,0,67,14
RMCQueenAI,Random,30,25,32382
UpClose,Mob,22,40,8
Assasin,Mob,26,48,18
Random,Mob,20,57,14
Straight,VerticalSym,1,76,14
VerticalSym,Straight,2,65,69
Assasin,Corner,44,32,12
Assasin,Mob,22,30,58
HorizontalSym,Corner,11,62,48
HorizontalSym,Straight,5,59,54
UpClose,AlternateCorner,10,63,44
Random,Mob,0,61,14
Assasin,DiagonalSym,5,62,18
Random,HorizontalSym,5,65,27
Random,HorizontalSym,1,72,12
Assasin,Straight,34,57,141
Random,DiagonalSym,6,69,59
UpClose,Corner,9,72,45
VerticalSym,DiagonalSym,2,87,16
Assasin,HorizontalSym,33,43,80
UpClose,Mob,10,70,72
AlternateCorner,Corner,16,67,51
Headshot,Corner,39,29,60
Headshot,HorizontalSym,19,57,85
AlternateCorner,UpClose,12,67,10
Assasin,Random,57,31,21
Assasin,DiagonalSym,10,55,15
RMCQueenAI,Corner,46,24,24248
RMCQueenAI,Assasin,50,23,27689
Assasin,HorizontalSym,2,78,51
UpClose,DiagonalSym,7,78,58
AlternateCorner,Straight,11,67,15
Headshot,Assasin,7,65,20
Headshot,DiagonalSym,21,52,54
AlternateCorner,HorizontalSym,0,78,47
Headshot,UpClose,14,48,21
Assasin,AlternateCorner,14,64,52
Assasin,HorizontalSym,10,66,22
UpClose,Random,5,79,58
VerticalSym,Mob,2,53,9
Assasin,VerticalSym,13,63,49
Mob,HorizontalSym,0,47,44
Assasin,HorizontalSym,29,50,16
Headshot,Corner,37,32,59
VerticalSym,Straight,1,70,48
DiagonalSym,AlternateCorner,2,73,13
UpClose,Corner,13,55,10
VerticalSym,HorizontalSym,0,72,51
UpClose,Corner,8,69,56
Headshot,Random,24,55,59
Straight,Random,5,73,25
RMCQueenAI,HorizontalSym,11,29,23627
Headshot,AlternateCorner,16,57,17
Headshot,Mob,58,29,62
DiagonalSym,Corner,3,59,12
HorizontalSym,Random,3,71,13
RMCQueenAI,DiagonalSym,18,51,23132
RMCQueenAI,Headshot,10,28,31461
Random,Straight,1,72,16
RMCQueenAI,Random,39,24,33536
Headshot,HorizontalSym,19,57,72
UpClose,HorizontalSym,14,54,67
VerticalSym,HorizontalSym,0,78,58
Headshot,DiagonalSym,51,39,74
Straight,Mob,2,69,15
DiagonalSym,UpClose,0,78,9
VerticalSym,Random,2,78,12
HorizontalSym,Straight,4,68,59
RMCQueenAI,Random,11,40,27129
Assasin,AlternateCorner,19,64,17
Corner,Mob,5,69,16
VerticalSym,Mob,8,66,42
UpClose,Straight,5,66,43
AlternateCorner,DiagonalSym,9,69,13
Random,UpClose,2,74,47
UpClose,Mob,26,40,6
Assasin,Headshot,13,56,17
Headshot,VerticalSym,34,53,50
RMCQueenAI,VerticalSym,17,47,22104
Mob,DiagonalSym,3,48,9
Headshot,VerticalSym,15,62,120
Headshot,AlternateCorner,16,57,55
Assasin,DiagonalSym,30,56,51
Assasin,Straight,21,57,48
Headshot,Corner,27,43,29
Assasin,Corner,37,31,14
Headshot,Mob,41,24,20
Headshot,Mob,42,31,64
DiagonalSym,HorizontalSym,10,63,9
Assasin,UpClose,16,41,10
Headshot,Corner,32,38,62
VerticalSym,UpClose,3,72,11
Straight,VerticalSym,4,69,14
AlternateCorner,VerticalSym,13,59,14
UpClose,HorizontalSym,6,72,11
Headshot,Corner,37,32,61
Straight,Corner,9,61,44
Assasin,Corner,23,38,15
AlternateCorner,Corner,7,65,17
RMCQueenAI,Mob,10,25,28970
RMCQueenAI,Random,26,34,26491
Straight,Corner,4,71,48
HorizontalSym,Straight,34,35,45
Headshot,UpClose,0,87,18
VerticalSym,Random,7,68,57
DiagonalSym,Random,6,65,12
UpClose,DiagonalSym,21,66,10
AlternateCorner,Random,10,59,12
Mob,DiagonalSym,3,44,9
RMCQueenAI,AlternateCorner,14,49,19402
Assasin,Mob,45,31,13
Random,Corner,8,58,12
RMCQueenAI,Mob,62,22,21856
Headshot,UpClose,14,48,18
AlternateCorner,Straight,12,66,51
VerticalSym,Mob,1,52,11
VerticalSym,UpClose,3,72,11
VerticalSym,Corner,7,51,12
AlternateCorner,DiagonalSym,1,74,13
HorizontalSym,DiagonalSym,2,73,13
Random,Corner,4,67,13
VerticalSym,UpClose,2,59,8
AlternateCorner,VerticalSym,13,59,13
Straight,Corner,20,45,47
RMCQueenAI,UpClose,24,44,25667
Random,AlternateCorner,4,69,50
Mob,Random,7,61,70
DiagonalSym,Straight,6,67,48
UpClose,Mob,21,45,8
Assasin,Mob,63,27,55
RMCQueenAI,Headshot,27,37,37767
RMCQueenAI,Headshot,10,28,31374
RMCQueenAI,AlternateCorner,18,52,19498
RMCQueenAI,DiagonalSym,18,51,22972
AlternateCorner,Corner,11,65,17
UpClose,HorizontalSym,18,55,43
HorizontalSym,Corner,19,54,11
RMCQueenAI,VerticalSym,17,47,22184
Straight,Mob,16,37,42
AlternateCorner,VerticalSym,13,59,25
Headshot,AlternateCorner,21,52,47
Headshot,Random,37,37,55
Assasin,Random,24,47,14
Random,Mob,10,57,10
RMCQueenAI,Straight,5,30,32482
HorizontalSym,Random,21,60,62
RMCQueenAI,HorizontalSym,11,29,27091
UpClose,Random,6,70,11
VerticalSym,Straight,1,75,114
Random,Corner,5,66,15
RMCQueenAI,HorizontalSym,10,42,19131
HorizontalSym,DiagonalSym,3,67,12
RMCQueenAI,DiagonalSym,18,51,23212
RMCQueenAI,AlternateCorner,18,52,19187
AlternateCorner,UpClose,12,67,10
HorizontalSym,Straight,1,61,12
Assasin,Straight,25,36,19
AlternateCorner,Corner,11,71,51
HorizontalSym,Mob,2,48,81
Assasin,Straight,16,48,71
Headshot,AlternateCorner,21,52,25
VerticalSym,HorizontalSym,11,64,13
Headshot,HorizontalSym,14,68,119
DiagonalSym,Random,0,72,15
Assasin,Straight,37,48,78
Assasin,Random,12,52,60
RMCQueenAI,HorizontalSym,13,48,22305
RMCQueenAI,AlternateCorner,18,52,19529
HorizontalSym,Corner,8,67,14
Assasin,Random,36,36,12
Headshot,Random,45,49,94
Assasin,Corner,34,35,13
Headshot,Mob,46,39,77
RMCQueenAI,UpClose,24,44,26813
Headshot,DiagonalSym,51,39,77
Headshot,AlternateCorner,21,52,16
RMCQueenAI,Straight,46,25,33867
DiagonalSym,Mob,1,63,10
RMCQueenAI,UpClose,12,41,26683
Random,Straight,5,67,13
AlternateCorner,Corner,15,67,17
Headshot,Mob,20,32,13
VerticalSym,Mob,6,54,12
UpClose,Mob,17,43,8
Headshot,HorizontalSym,16,56,96
Invader_10,Random,14,65,18005
Random,Invader_10,2,71,11168
Headshot,Invader_10,22,60,6407
Headshot,Invader_10,4,61,20792
Assasin,Invader_10,13,56,15983
Assasin,Invader_10,37,47,11164
Invader_10,Straight,9,67,13121
Invader_10,Straight,5,60,37236
Invader_10,UpClose,2,77,25591
Invader_10,UpClose,3,58,20793
Invader_10,Mob,7,55,14
Invader_10,Mob,25,46,15998
Invader_10,VerticalSym,9,63,25594
Invader_10,VerticalSym,0,62,32460
HorizontalSym,Invader_10,3,70,20795
Invader_10,HorizontalSym,4,70,20794
DiagonalSym,Invader_10,1,58,6336
Invader_10,DiagonalSym,11,52,6373
Invader_10,Corner,17,61,15993
Invader_10,Corner,9,70,37233
Invader_10,AlternateCorner,5,69,15985
AlternateCorner,Invader_10,9,69,11178
RMCQueenAI,Invader_10,4,68,59905
RMCQueenAI,Invader_10,21,49,23614
Invader_50,Random,17,53,68956
Invader_50,Random,16,52,75761
Invader_50,Headshot,10,65,80573
Invader_50,Headshot,13,64,88277
Invader_50,Assasin,17,53,61291
Invader_50,Assasin,5,60,73781
Invader_50,Straight,21,47,68916
Invader_50,Straight,17,54,59342
Invader_50,UpClose,2,75,114264
Invader_50,UpClose,30,58,70954
Invader_50,Mob,17,47,66109
Invader_50,Mob,42,32,49691
Invader_50,VerticalSym,28,51,80578
Invader_50,VerticalSym,5,70,88241
Invader_50,HorizontalSym,30,43,44921
Invader_50,HorizontalSym,28,52,78603
Invader_50,DiagonalSym,25,49,46846
Invader_50,DiagonalSym,22,46,73765
Invader_50,Corner,37,35,56471
Invader_50,Corner,25,40,54531
Invader_50,AlternateCorner,24,53,73785
Invader_50,AlternateCorner,11,72,106619
RMCQueenAI,Invader_50,8,50,55986
RMCQueenAI,Invader_50,15,59,101275
Invader,Random,32,37,93045
Invader,Random,53,34,83396
Invader,Headshot,70,21,54524
Invader,Headshot,46,26,64157
Invader,Assasin,57,27,75790
Invader,Assasin,34,34,83390
Invader,Straight,50,29,87391
Invader,Straight,49,22,61320
Invader,UpClose,44,27,68959
Invader,UpClose,20,44,107492
Invader,Mob,44,31,85364
Invader,Mob,38,26,77854
Invader,VerticalSym,38,27,68946
Invader,VerticalSym,17,50,121940
Invader,HorizontalSym,32,35,88220
Invader,HorizontalSym,41,42,109471
Invader,DiagonalSym,46,33,90202
Invader,DiagonalSym,20,34,83388
Invader,Corner,50,29,73777
Invader,Corner,43,26,70951
Invader,AlternateCorner,28,53,131575
Invader,AlternateCorner,37,42,102676
Invader,RMCQueenAI,13,67,180524
Invader,RMCQueenAI,9,82,221324
Invader_10,Random,5,63,27620
Random,Invader_10,0,71,15973
Headshot,Invader_10,9,70,20765
Headshot,Invader_10,3,71,35249
Invader_10,Assasin,1,79,30406
Assasin,Invader_10,9,55,20806
Invader_10,Straight,0,73,15980
Straight,Invader_10,9,57,15976
UpClose,Invader_10,4,66,25629
Invader_10,UpClose,6,66,15979
Mob,Invader_10,3,50,27554
Invader_10,Mob,11,54,20769
Invader_10,VerticalSym,5,59,11145
Invader_10,VerticalSym,1,74,30396
Invader_10,HorizontalSym,3,57,15
Invader_10,HorizontalSym,6,68,11177
DiagonalSym,Invader_10,0,80,35216
Invader_10,DiagonalSym,3,70,11188
Invader_10,Corner,17,53,15979
Corner,Invader_10,4,59,11166
AlternateCorner,Invader_10,0,80,16001
Invader_10,AlternateCorner,1,76,20789
RMCQueenAI,Invader_10,32,28,15026
RMCQueenAI,Invader_10,9,47,31212
Invader_50,Random,18,57,59307
Invader_50,Random,21,40,54486
Invader_50,Headshot,19,53,68956
Invader_50,Headshot,28,46,59363
Invader_50,Assasin,35,33,40072
Invader_50,Assasin,33,50,73778
Invader_50,Straight,32,45,61312
Invader_50,Straight,42,42,69011
Invader_50,UpClose,16,47,75750
Invader_50,UpClose,28,46,94246
Invader_50,Mob,34,39,40060
Invader_50,Mob,18,44,54520
Invader_50,VerticalSym,28,57,78609
Invader_50,VerticalSym,31,46,49693
Invader_50,HorizontalSym,39,39,40076
Invader_50,HorizontalSym,18,54,64181
Invader_50,DiagonalSym,31,39,61296
Invader_50,DiagonalSym,6,68,64124
Invader_50,Corner,27,41,70994
Invader_50,Corner,28,38,51706
Invader_50,AlternateCorner,8,67,96962
Invader_50,AlternateCorner,18,62,90189
RMCQueenAI,Invader_50,9,66,93965
RMCQueenAI,Invader_50,13,37,54505
Invader,Random,16,33,83401
Invader,Random,29,46,112291
Invader,Headshot,70,21,54507
Invader,Headshot,46,26,64140
Invader,Assasin,39,37,93030
Invader,Assasin,31,28,68939
Invader,Straight,55,23,59332
Invader,Straight,51,28,68973
Invader,UpClose,44,27,68960
Invader,UpClose,20,44,107480
Invader,Mob,39,25,64140
Invader,Mob,17,24,59302
Invader,VerticalSym,38,27,68957
Invader,VerticalSym,36,32,78571
Invader,HorizontalSym,32,35,88223
Invader,HorizontalSym,29,36,95027
Invader,DiagonalSym,46,33,103841
Invader,DiagonalSym,21,48,123948
Invader,Corner,55,27,68954
Invader,Corner,49,26,64143
Invader,AlternateCorner,28,53,138379
Invader,AlternateCorner,37,42,116256
Invader,RMCQueenAI,13,67,180641
Invader,RMCQueenAI,9,82,207692
Random,Invader_10,0,60,15972
Random,Invader_10,9,63,15992
Headshot,Invader_10,5,60,15972
Headshot,Invader_10,30,59,6412
Assasin,Invader_10,42,48,11155
Assasin,Invader_10,20,39,11149
Invader_10,Straight,6,69,17928
Invader_10,Straight,23,60,15963
UpClose,Invader_10,23,58,22782
UpClose,Invader_10,12,71,11168
Invader_10,Mob,33,55,15959
Invader_10,Mob,3,72,20795
VerticalSym,Invader_10,1,68,20786
Invader_10,VerticalSym,0,78,25611
Invader_10,HorizontalSym,5,63,11156
Invader_10,HorizontalSym,9,56,6344
DiagonalSym,Invader_10,2,62,17954
Invader_10,DiagonalSym,17,62,25606
Invader_10,Corner,5,67,11151
Corner,Invader_10,14,49,11126
Invader_10,AlternateCorner,1,75,20778
AlternateCorner,Invader_10,4,67,15967
RMCQueenAI,Invader_10,27,26,31577
RMCQueenAI,Invader_10,58,27,26846
Invader_50,Random,8,69,68926
Invader_50,Random,33,26,49688
Invader_50,Headshot,24,61,78566
Invader_50,Headshot,18,46,54518
Invader_50,Assasin,11,51,49665
Invader_50,Assasin,7,68,66105
Invader_50,Straight,50,49,75758
Invader_50,Straight,14,50,44893
Invader_50,UpClose,14,71,83410
Invader_50,UpClose,12,64,83404
Invader_50,Mob,34,35,49683
Invader_50,Mob,27,38,54497
Invader_50,VerticalSym,11,57,110609
Invader_50,VerticalSym,22,44,49707
Invader_50,HorizontalSym,28,59,93030
Invader_50,HorizontalSym,26,42,61317
Invader_50,DiagonalSym,11,67,102648
Invader_50,DiagonalSym,19,44,54477
Invader_50,Corner,30,43,54503
Invader_50,Corner,30,30,49661
Invader_50,AlternateCorner,13,59,66094
Invader_50,AlternateCorner,3,74,68904
RMCQueenAI,Invader_50,12,64,89336
RMCQueenAI,Invader_50,12,49,52026
Invader,Random,61,25,64149
Invader,Random,51,22,54505
Invader,Headshot,70,21,54494
Invader,Headshot,46,26,64129
Invader,Assasin,57,27,68959
Invader,Assasin,23,44,107493
Invader,Straight,42,27,75728
Invader,Straight,42,34,83426
Invader,UpClose,44,27,82595
Invader,UpClose,20,44,107494
Invader,Mob,42,35,88206
Invader,Mob,37,30,73764
Invader,VerticalSym,38,27,68961
Invader,VerticalSym,56,38,99855
Invader,HorizontalSym,32,35,95055
Invader,HorizontalSym,25,36,95048
Invader,DiagonalSym,46,33,90177
Invader,DiagonalSym,19,40,97844
Invader,Corner,48,33,83398
Invader,Corner,46,24,66192
Invader,AlternateCorner,28,53,131578
Invader,AlternateCorner,37,42,102672
Invader,RMCQueenAI,13,67,180508
Invader,RMCQueenAI,9,82,207719
Invader_10,Random,10,67,15980
Invader_10,Random,6,64,11150
Headshot,Invader_10,20,54,15963
Headshot,Invader_10,6,63,15983
Assasin,Invader_10,15,56,15981
Assasin,Invader_10,36,45,16000
Invader_10,Straight,24,63,30450
Straight,Invader_10,1,75,25582
UpClose,Invader_10,11,52,6334
Invader_10,UpClose,3,72,37288
Invader_10,Mob,3,71,16
Invader_10,Mob,18,60,11150
Invader_10,VerticalSym,19,59,15975
VerticalSym,Invader_10,12,61,20772
Invader_10,HorizontalSym,11,65,16010
HorizontalSym,Invader_10,8,59,6327
DiagonalSym,Invader_10,1,68,25616
DiagonalSym,Invader_10,6,63,15958
Invader_10,Corner,7,65,11159
Invader_10,Corner,17,56,11167
AlternateCorner,Invader_10,2,78,25558
Invader_10,AlternateCorner,15,70,32432
RMCQueenAI,Invader_10,14,48,22987
RMCQueenAI,Invader_10,35,31,19561
Invader_50,Random,21,49,64123
Invader_50,Random,30,50,64127
Invader_50,Headshot,23,41,58493
Invader_50,Headshot,26,50,68961
Invader_50,Assasin,52,33,49688
Invader_50,Assasin,9,76,90206
Invader_50,Straight,30,41,54511
Invader_50,Straight,17,56,78613
Invader_50,UpClose,36,27,54502
Invader_50,UpClose,33,48,97015
Invader_50,Mob,39,27,44874
Invader_50,Mob,42,28,44871
Invader_50,VerticalSym,26,55,83383
Invader_50,VerticalSym,6,76,109441
Invader_50,HorizontalSym,10,55,59327
Invader_50,HorizontalSym,7,50,49668
Invader_50,DiagonalSym,17,53,54520
Invader_50,DiagonalSym,20,52,97008
Invader_50,Corner,57,27,44876
Invader_50,Corner,39,38,35244
Invader_50,AlternateCorner,16,57,73766
Invader_50,AlternateCorner,16,58,54504
RMCQueenAI,Invader_50,2,58,68476
RMCQueenAI,Invader_50,3,73,86483
Invader,Random,65,33,83415
Invader,Random,46,38,99877
Invader,Headshot,70,21,74935
Invader,Headshot,46,26,64148
Invader,Assasin,39,37,99841
Invader,Assasin,34,34,83382
Invader,Straight,78,17,44872
Invader,Straight,47,30,80578
Invader,UpClose,44,27,75771
Invader,UpClose,20,44,107496
Invader,Mob,36,21,54505
Invader,Mob,49,28,75794
Invader,VerticalSym,38,27,68978
Invader,VerticalSym,31,32,78593
Invader,HorizontalSym,32,35,101907
Invader,HorizontalSym,34,38,93041
Invader,DiagonalSym,46,33,83407
Invader,DiagonalSym,26,48,117111
Invader,Corner,48,33,83424
Invader,Corner,37,32,85393
Invader,AlternateCorner,28,53,131594
Invader,AlternateCorner,37,42,102678
Invader,RMCQueenAI,13,67,173813
Invader,RMCQueenAI,9,82,214456
Invader_10,Random,5,63,6341
Invader_10,Random,29,48,20786
Headshot,Invader_10,13,52,11179
Headshot,Invader_10,21,65,11169
Assasin,Invader_10,13,56,15979
Invader_10,Assasin,3,72,30408
Straight,Invader_10,0,82,20775
Invader_10,Straight,5,66,25611
Invader_10,UpClose,4,61,27624
Invader_10,UpClose,6,48,6333
Invader_10,Mob,15,61,11160
Invader_10,Mob,11,52,30404
Invader_10,VerticalSym,8,69,20790
VerticalSym,Invader_10,6,69,25598
HorizontalSym,Invader_10,2,78,40044
Invader_10,HorizontalSym,0,76,20794
Invader_10,DiagonalSym,15,57,15972
Invader_10,DiagonalSym,0,76,11150
Invader_10,Corner,6,71,15963
Invader_10,Corner,31,46,32458
Invader_10,AlternateCorner,2,69,20800
AlternateCorner,Invader_10,2,71,20759
RMCQueenAI,Invader_10,14,42,19582
RMCQueenAI,Invader_10,40,35,19388
Invader_50,Random,14,53,70987
Invader_50,Random,16,54,54494
Invader_50,Headshot,37,27,40074
Invader_50,Headshot,42,36,54510
Invader_50,Assasin,28,63,73779
Invader_50,Assasin,11,58,49692
Invader_50,Straight,30,37,51674
Invader_50,Straight,49,36,49696
Invader_50,UpClose,20,53,64142
Invader_50,UpClose,7,70,64132
Invader_50,Mob,35,43,59322
Invader_50,Mob,40,22,30410
Invader_50,VerticalSym,16,51,44896
Invader_50,VerticalSym,39,34,61349
Invader_50,HorizontalSym,22,55,64131
Invader_50,HorizontalSym,17,56,83409
Invader_50,DiagonalSym,25,53,106636
Invader_50,DiagonalSym,7,54,66088
Invader_50,Corner,23,49,80563
Invader_50,Corner,45,38,59316
Invader_50,AlternateCorner,13,67,59353
Invader_50,AlternateCorner,11,58,83395
RMCQueenAI,Invader_50,14,56,76735
RMCQueenAI,Invader_50,6,57,88588
Invader,Random,61,23,66153
Invader,Random,33,40,104709
Invader,Headshot,70,21,61327
Invader,Headshot,46,26,64160
Invader,Assasin,57,27,68959
Invader,Assasin,31,28,68956
Invader,Straight,45,27,75779
Invader,Straight,73,28,68952
Invader,UpClose,44,27,68954
Invader,UpClose,20,44,114292
Invader,Mob,68,21,54501
Invader,Mob,43,22,54494
Invader,VerticalSym,38,27,68975
Invader,VerticalSym,18,42,102647
Invader,HorizontalSym,32,35,88215
Invader,HorizontalSym,56,38,93062
Invader,DiagonalSym,46,33,83402
Invader,DiagonalSym,43,38,99839
Invader,Corner,38,29,73759
Invader,Corner,53,24,59320
Invader,AlternateCorner,28,53,138428
Invader,AlternateCorner,37,42,102667
Invader,RMCQueenAI,13,67,180591
Invader,RMCQueenAI,9,82,207718
